{
    "Accuracy": 0.9106796116504854,
    "Precision": 0.9111655609878831,
    "Recall": 0.9106796116504854,
    "F1_score": 0.9108344061182595
}