{
    "Accuracy": 0.911738746690203,
    "Precision": 0.9122738300661368,
    "Recall": 0.911738746690203,
    "F1_score": 0.9119155821347106
}