{
    "Accuracy": 0.9122683142100618,
    "Precision": 0.9126820732831592,
    "Recall": 0.9122683142100618,
    "F1_score": 0.9124124253579682
}